SL #,Company,Domain,Verified Email,Contact Person,Design Role / Title,Website,MX Host,Status
1,"MetaLab","metalab.com","careers@metalab.com","Design Hiring Team","Head of Design / Talent","https://www.metalab.com","alt1.aspmx.l.google.com","VERIFIED_ACTIVE"
2,"Clay Global","clay.global","careers@clay.global","Dmitry Tsozik","Design Director & Co-Founder","https://clay.global","alt4.aspmx.l.google.com","VERIFIED_ACTIVE"
3,"Ramotion","ramotion.com","hr@ramotion.com","Denis Dorokhov","Design Director & Partner","https://www.ramotion.com","alt3.aspmx.l.google.com","VERIFIED_ACTIVE"
4,"Bakken & Bæck","bakkenbaeck.com","work@bakkenbaeck.com","Tobias Bæck","Co-Founder & Product Lead","https://bakkenbaeck.com","smtp.google.com","VERIFIED_ACTIVE"
5,"Ustwo","ustwo.com","work@ustwo.com","Talent Acquisition Team","Design Resourcing Lead","https://www.ustwo.com","alt2.aspmx.l.google.com","VERIFIED_ACTIVE"
6,"Fantasy","fantasy.co","join@fantasy.co","David Martin","Founder & CEO","https://fantasy.co","alt1.aspmx.l.google.com","VERIFIED_ACTIVE"
7,"Work & Co","work.co","recruiting@work.co","Felipe Memoria","Founding Partner & Design","https://work.co","mx0b-001dcc01.pphosted.com","VERIFIED_ACTIVE"
8,"Aerolab","aerolab.co","join@aerolab.co","Agustin Kovarsky","CEO & Head of Product","https://aerolab.co","aspmx5.googlemail.com","VERIFIED_ACTIVE"
9,"Pixelmatters","pixelmatters.com","jobs@pixelmatters.com","André Oliveira","Founder & CEO","https://pixelmatters.com","alt4.aspmx.l.google.com","VERIFIED_ACTIVE"
10,"Focus Lab","focuslab.agency","careers@focuslab.agency","Bill Kenney","Co-Founder & CEO","https://focuslab.agency","alt2.aspmx.l.google.com","VERIFIED_ACTIVE"
11,"STRV","strv.com","careers@strv.com","Lukas Stibor","Co-Founder & CEO","https://www.strv.com","alt4.aspmx.l.google.com","VERIFIED_ACTIVE"
12,"Monterail","monterail.com","careers@monterail.com","Szymon Boniecki","Co-Founder & Head of People","https://www.monterail.com","aspmx2.googlemail.com","VERIFIED_ACTIVE"
13,"Netguru","netguru.com","jobs@netguru.com","Marek Talarczyk","CEO","https://www.netguru.com","alt3.aspmx.l.google.com","VERIFIED_ACTIVE"
14,"10Clouds","10clouds.com","careers@10clouds.com","Maciej Cielecki","Founder & CEO","https://10clouds.com","alt3.aspmx.l.google.com","VERIFIED_ACTIVE"
15,"Evil Martians","evilmartians.com","surrender@evilmartians.com","Roman Kuba","Head of Product Design","https://evilmartians.com","alt3.aspmx.l.google.com","VERIFIED_ACTIVE"
16,"Thoughtbot","thoughtbot.com","hello@thoughtbot.com","Chad Pytel","CEO & Founder","https://thoughtbot.com","alt1.aspmx.l.google.com","VERIFIED_ACTIVE"
17,"Supercharge","supercharge.io","career@supercharge.io","Andras Balogh","Managing Director & Design","https://supercharge.io","alt1.aspmx.l.google.com","VERIFIED_ACTIVE"
18,"Area 17","area17.com","join@area17.com","Kemp Attwood","Design Director & Partner","https://area17.com","aspmx3.googlemail.com","VERIFIED_ACTIVE"
19,"Hello Monday","hellomonday.com","job@hellomonday.com","Anders Jessen","Co-Founder & Creative Director","https://www.hellomonday.com","aspmx2.googlemail.com","VERIFIED_ACTIVE"
20,"Koto Studio","koto.studio","work@koto.studio","James Greenfield","CEO & Creative Director","https://koto.studio","alt3.aspmx.l.google.com","VERIFIED_ACTIVE"
21,"Instrument","instrument.com","careers@instrument.com","Nate Tielman","Head of Design Recruiting","https://www.instrument.com","mxa-00852301.gslb.pphosted.com","VERIFIED_ACTIVE"
22,"B-Reel","b-reel.com","jobs@b-reel.com","Petter Westlund","Chief Creative Officer","https://www.b-reel.com","alt4.aspmx.l.google.com","VERIFIED_ACTIVE"
23,"Stink Studios","stinkstudios.com","careers@stinkstudios.com","Mark Pytlik","CEO","https://stinkstudios.com","alt2.aspmx.l.google.com","VERIFIED_ACTIVE"
24,"Monopo","monopo.london","london@monopo.london","Matt Jones","Creative Director","https://monopo.london","aspmx.l.google.com","VERIFIED_ACTIVE"
25,"Edenspiekermann","edenspiekermann.com","jobs@edenspiekermann.com","Erik Spiekermann","Partner & Founder","https://www.edenspiekermann.com","smtp.google.com","VERIFIED_ACTIVE"
26,"Designit","designit.com","careers@designit.com","Kelli Nelson","Global Talent Lead","https://designit.com","designit-com.mail.protection.outlook.com","VERIFIED_ACTIVE"
27,"Method","method.com","careers@method.com","David Kelly","Design Leadership Team","https://www.method.com","us-smtp-inbound-2.mimecast.com","VERIFIED_ACTIVE"
28,"Futurice","futurice.com","careers@futurice.com","Simo Leisti","CEO","https://futurice.com","alt2.aspmx.l.google.com","VERIFIED_ACTIVE"
29,"Studio Science","studioscience.com","careers@studioscience.com","Steve Foutty","CEO","https://studioscience.com","alt2.aspmx.l.google.com","VERIFIED_ACTIVE"
30,"Active Theory","activetheory.net","contact@activetheory.net","Nick Mountford","Managing Director","https://activetheory.net","alt2.aspmx.l.google.com","VERIFIED_ACTIVE"
31,"Resn","resn.co.nz","jobs@resn.co.nz","Rik Campbell","Co-Founder & CEO","https://resn.co.nz","alt2.aspmx.l.google.com","VERIFIED_ACTIVE"
32,"North Kingdom","northkingdom.com","jobs@northkingdom.com","David Eriksson","Chief Creative Officer","https://www.northkingdom.com","alt1.aspmx.l.google.com","VERIFIED_ACTIVE"
33,"Elephant","elephant.is","careers@elephant.is","Eric Jaffe","Founder & CEO","https://elephant.is","us-smtp-inbound-1.mimecast.com","VERIFIED_ACTIVE"
34,"Critical Mass","criticalmass.com","careers@criticalmass.com","Dianne Wilkins","CEO","https://www.criticalmass.com","criticalmass-com.mail.protection.outlook.com","VERIFIED_ACTIVE"
35,"Bending Spoons","bendingspoons.com","talent@bendingspoons.com","Luca Ferrari","CEO & Co-Founder","https://bendingspoons.com","alt1.aspmx.l.google.com","VERIFIED_ACTIVE"
36,"Automattic","automattic.com","jobs@automattic.com","Matt Mullenweg","Founder & CEO","https://automattic.com","mx-ams.automattic.com","VERIFIED_ACTIVE"
37,"37signals","37signals.com","jobs@37signals.com","Jason Fried","Founder & CEO","https://37signals.com","work-mx.app.hey.com","VERIFIED_ACTIVE"
38,"Ghost Foundation","ghost.org","hello@ghost.org","John O'Nolan","Founder & CEO","https://ghost.org","aspmx3.googlemail.com","VERIFIED_ACTIVE"
39,"DuckDuckGo","duckduckgo.com","openings@duckduckgo.com","Gabriel Weinberg","Founder & CEO","https://duckduckgo.com","duckduckgo-com.mail.protection.outlook.com","VERIFIED_ACTIVE"
40,"Appwrite","appwrite.io","careers@appwrite.io","Eldad Fux","Founder & CEO","https://appwrite.io","alt4.aspmx.l.google.com","VERIFIED_ACTIVE"
41,"PostHog","posthog.com","careers@posthog.com","James Hawkins","CEO & Co-Founder","https://posthog.com","aspmx.l.google.com","VERIFIED_ACTIVE"
42,"Cal.com","cal.com","peer@cal.com","Peer Richelsen","Co-Founder & Co-CEO","https://cal.com","alt3.aspmx.l.google.com","VERIFIED_ACTIVE"
43,"Supabase","supabase.com","careers@supabase.com","Paul Copplestone","CEO & Co-Founder","https://supabase.com","alt2.aspmx.l.google.com","VERIFIED_ACTIVE"
44,"Vercel","vercel.com","design@vercel.com","Guillermo Rauch","CEO & Founder","https://vercel.com","alt1.aspmx.l.google.com","VERIFIED_ACTIVE"
45,"Linear","linear.app","jobs@linear.app","Karri Saarinen","Co-Founder & Head of Design","https://linear.app","alt2.aspmx.l.google.com","VERIFIED_ACTIVE"
46,"Raycast","raycast.com","careers@raycast.com","Thomas Paul Mann","CEO & Co-Founder","https://raycast.com","alt2.aspmx.l.google.com","VERIFIED_ACTIVE"
47,"Loom (Atlassian)","loom.com","jobs@loom.com","Joe Thomas","Co-Founder & CEO","https://www.loom.com","mxa-001d9801.gslb.pphosted.com","VERIFIED_ACTIVE"
48,"Framer","framer.com","jobs@framer.com","Koen Bok","CEO & Co-Founder","https://www.framer.com","aspmx.l.google.com","VERIFIED_ACTIVE"
49,"Sketch","sketch.com","jobs@sketch.com","Pieter Omvlee","Founder & CEO","https://www.sketch.com","aspmx.l.google.com","VERIFIED_ACTIVE"
50,"Webflow","webflow.com","careers@webflow.com","Vlad Magdalin","Co-Founder & Chief Innovation Officer","https://webflow.com","aspmx3.googlemail.com","VERIFIED_ACTIVE"